-7.69747,0.354959,3.91008,0.0785772,-18.2941,0.179335,-1.07063,0.430118,0.347739,0.191906
-7.67964,0.352959,3.94676,0.096851,-17.1107,0.137021,-1.06231,0.16995,0.424093,0.204857
-7.57613,0.274657,3.99847,0.0934182,-17.6379,0.0771436,-1.13824,0.277678,0.577768,0.335575
-7.41561,0.113365,3.74958,0.127735,-17.55,0.161702,-1.09212,0.14346,0.743625,0.498801
-7.51131,0.153278,3.86012,0.077644,-15.2463,0.0972056,-1.07334,0.229262,0.697627,0.426798
-7.41044,0.261275,3.816,0.148127,-19.4594,0.146311,-1.06438,0.0735524,0.768626,0.384441
-7.52142,0.269823,3.78771,0.201475,-17.1997,0.0860079,-1.05868,0.228438,0.609228,0.42348
-7.5,0.277345,3.67348,0.154046,-20.7546,0.118194,-1.1476,0.185545,0.623886,0.368517
-7.31165,0.190908,3.77367,0.0609226,-18.774,0.0722377,-1.21955,0.202851,0.851758,0.424421
-7.50882,0.266547,3.65252,0.251326,-21.7286,0.109081,-1.15935,0.0834917,0.549506,0.424364
-7.54294,0.368089,3.85974,0.106762,-19.2982,0.0619092,-1.17172,0.083926,0.589254,0.170443
-7.5176,0.372981,3.78764,0.124162,-18.2652,0.174735,-1.01404,0.137091,0.620661,0.183529
-7.5116,0.427366,3.9183,0.0652429,-21.3269,0.23446,-1.0288,0.131862,0.556733,0.136354
-7.48932,0.422285,3.93795,0.077401,-19.7789,0.102685,-0.92135,0.0983843,0.571882,0.0945511
-7.40254,0.417205,3.75118,0.125405,-16.4996,0.125965,-0.703956,0.0432012,0.683893,0.0611
-7.43013,0.388432,3.52284,0.216302,-13.9313,0.117609,-0.608566,0.201938,0.639118,0.129702
-7.42586,0.395863,3.56622,0.172676,-14.1849,0.106329,-0.616738,0.194169,0.67093,0.125878
-7.34164,0.310601,3.31783,0.235521,-13.9993,0.0833064,-0.52239,0.198747,0.690269,0.298623
-7.40812,0.389053,3.35924,0.222447,-17.2025,0.134269,-0.682733,0.0985564,0.600827,0.243752
-7.45752,0.417022,3.32894,0.15331,-15.312,0.0651991,-0.78548,0.159677,0.576158,0.136222
-7.41412,0.419928,3.36211,0.113373,-20.3667,0.113475,-0.875482,0.206036,0.568539,0.152953
-7.44804,0.365319,3.31771,0.104175,-23.5973,0.176346,-1.19504,0.155982,0.559584,0.294923
-7.4738,0.450371,3.36821,0.071775,-25.8911,0.396509,-1.08983,0.346236,0.461248,0.118074
-7.52588,0.361944,3.2059,0.22105,-26.6983,0.43561,-1.25369,0.327837,0.371078,0.214823
-7.61698,0.30034,3.36633,0.288581,-25.7976,0.725548,-1.33699,0.357412,0.351697,0.241722
-7.58199,0.28894,3.28493,0.164789,-24.7196,0.703122,-1.16843,0.195012,0.339214,0.368403
-7.5884,0.392084,3.24426,0.202976,-27.6633,0.777701,-1.04816,0.177184,0.202857,0.274224
-7.66929,0.34532,3.31079,0.0933266,-29.3687,0.761777,-1.02412,0.191412,0.129185,0.313076
-7.51105,0.407938,3.3276,0.138575,-30.2444,0.788823,-1.12025,0.137572,0.299967,0.339464
-7.37517,0.270562,3.215,0.193721,-31.2417,0.628375,-1.16806,0.0715798,0.495833,0.464889
-7.37517,0.270562,3.215,0.193721,-31.2417,0.628375,-1.16806,0.0715798,0.495833,0.464889
-7.55297,0.212314,3.01745,0.321118,-32.9028,0.671101,-1.25181,0.134517,0.211832,0.490717
-7.31784,0.16544,3.04255,0.104356,-28.1391,0.726882,-1.31311,0.0690804,0.547257,0.4617
-7.079,0.121558,3.0794,0.104855,-27.4191,0.981214,-1.38184,0.0757962,0.921559,0.464264
-7.2603,0.144133,2.99371,0.0823758,-27.4743,1.03574,-1.42802,0.0847749,0.709762,0.489795
-7.27268,0.0807583,3.06236,0.0933282,-26.2673,1.03843,-1.4006,0.0434114,0.666123,0.553979
-7.36256,0.158061,3.04452,0.116853,-26.0833,1.00244,-1.32244,0.162042,0.530798,0.469944
-7.45088,0.080199,3.26563,0.112408,-22.1679,1.13278,-1.21708,0.138546,0.508453,0.508786
-7.43483,0.200716,3.35638,0.308148,-18.5725,1.25657,-1.14713,0.174333,0.612248,0.43564
-7.41308,0.396219,3.29279,0.283453,-22.9145,1.01731,-1.19736,0.192849,0.560404,0.233507
-7.45892,0.38957,3.18203,0.153539,-23.8172,0.929287,-1.03554,0.0564579,0.39854,0.0678777
-7.3819,0.378338,3.17897,0.169448,-22.2018,0.963407,-1.07438,0.0720488,0.604081,0.0968402
-7.40125,0.359,3.21784,0.097985,-19.501,0.984848,-0.927812,0.0972234,0.586605,0.127641
-7.37816,0.345286,3.16905,0.119168,-16.4757,0.746852,-0.868478,0.115626,0.633658,0.222991
-7.45301,0.283,3.29346,0.0958692,-18.2777,0.526197,-0.93663,0.108681,0.526314,0.348573
-7.38795,0.354904,3.37592,0.100094,-16.5197,0.365443,-0.720059,0.135159,0.581996,0.169354
-7.47818,0.364417,3.54444,0.154879,-16.465,0.467784,-0.892698,0.0822475,0.563077,0.155202
-7.43703,0.353669,3.4281,0.0818533,-18.3222,0.538362,-1.07608,0.14289,0.617027,0.192669
-7.51021,0.36207,3.4984,0.0904354,-19.3712,0.494182,-1.02169,0.170946,0.535889,0.289036
-7.46107,0.265437,3.4268,0.090022,-19.0415,0.48693,-1.17606,0.22303,0.611904,0.386595
-7.30799,0.315793,3.47674,0.187728,-15.3587,0.444197,-1.29797,0.135177,0.812612,0.292367
-7.33961,0.389942,3.44846,0.173922,-14.5837,0.402938,-1.28394,0.102956,0.774124,0.196274
-7.33961,0.389942,3.44846,0.173922,-14.5837,0.402938,-1.28394,0.102956,0.774124,0.196274
-7.34748,0.365858,3.38327,0.112883,-16.6992,0.468695,-1.19968,0.103635,0.703408,0.121159
-7.21331,0.39653,3.42529,0.125503,-19.307,0.499799,-1.24762,0.318084,0.848654,0.158649
-7.22588,0.421275,3.3388,0.149672,-23.8008,0.457225,-1.21154,0.272116,0.808527,0.215188
-7.37375,0.247111,3.20783,0.174238,-26.8378,0.338671,-1.47691,0.0696912,0.64062,0.42829
-7.4774,0.266007,3.24456,0.106148,-30.1563,0.397157,-1.50088,0.181196,0.475044,0.436916
-7.62053,0.265453,3.20889,0.126083,-32.562,0.373831,-1.43257,0.0913709,0.295412,0.37649
-7.51885,0.298686,3.16835,0.0933516,-33.9349,0.218806,-1.57549,0.192988,0.430007,0.360238
-7.41241,0.328586,3.15208,0.104957,-33.5272,0.144331,-1.79063,0.235074,0.552209,0.250689
-7.14166,0.379251,2.98535,0.135559,-33.8193,0.0884949,-1.58385,0.0817495,0.837166,0.26905
-7.16321,0.415136,2.95025,0.172577,-34.1772,0.108751,-1.5213,0.0685451,0.736056,0.209975
-7.30073,0.307224,3.06492,0.0625548,-34.5159,0.148203,-1.74022,0.0814132,0.650085,0.308987
-7.20261,0.36638,2.91525,0.155747,-35.8352,0.200536,-1.7712,0.180737,0.711629,0.328899
-7.18424,0.36755,2.90309,0.163503,-36.3131,0.194654,-1.75684,0.202096,0.728575,0.335724
-7.27703,0.344647,2.87881,0.151954,-37.7815,0.164558,-1.6925,0.0990633,0.558213,0.290518
-7.24794,0.347202,2.91262,0.0441251,-34.0098,0.0650041,-1.63091,0.0967425,0.621192,0.302674
-7.30319,0.353683,3.08065,0.116273,-35.6818,0.128209,-1.60099,0.120147,0.600201,0.282213
-7.27066,0.413251,3.06617,0.128381,-38.3006,0.346742,-1.83148,0.125399,0.666468,0.0890735
-7.4196,0.437746,3.23362,0.196023,-39.4705,0.291467,-1.76121,0.111203,0.534046,0.189344
-7.39488,0.413978,3.33394,0.216889,-43.3484,0.207025,-1.83071,0.069798,0.570948,0.255413
-7.37625,0.251059,3.1918,0.136907,-44.2321,0.156645,-1.90212,0.163521,0.575856,0.433278
-7.40281,0.252563,3.12259,0.339479,-45.6437,0.0761815,-1.98284,0.139262,0.485245,0.380158
-7.48867,0.242302,3.24022,0.241587,-46.6629,0.1149,-2.06704,0.15158,0.475355,0.37492
-7.35372,0.259091,3.29934,0.208361,-45.5982,0.146204,-2.20271,0.107327,0.717937,0.381483
-7.47798,0.281981,3.34395,0.223788,-49.9335,0.112116,-2.16595,0.445075,0.490035,0.376428
-7.53843,0.189558,3.36738,0.197938,-52.4171,0.0731453,-2.14234,0.539671,0.387048,0.392975
-7.59881,0.316162,3.45033,0.110186,-49.27,0.121678,-2.0409,0.312969,0.394692,0.252303
-7.57056,0.372743,3.39529,0.0955075,-50.1687,0.133379,-2.07199,0.414521,0.381667,0.274372
-7.65407,0.35359,3.24899,0.186965,-52.6184,0.142642,-1.97507,0.416882,0.172854,0.266803
-7.60203,0.284325,3.2777,0.0748164,-54.879,0.108107,-2.0587,0.211014,0.311019,0.403422
-7.91149,0.316814,3.41376,0.0933888,-51.8238,0.191148,-1.95437,0.374262,-0.113931,0.294886
-7.93191,0.342752,3.36377,0.0522427,-51.1917,0.151941,-1.85675,0.365422,-0.159026,0.2491
-7.95109,0.33993,3.38049,0.113235,-54.1004,0.129586,-1.82748,0.251716,-0.309766,0.262544
-7.96683,0.357212,3.33815,0.190991,-57.2481,0.120219,-1.85979,0.261746,-0.364984,0.0705257
-7.82817,0.344252,3.315,0.104893,-59.9591,0.105217,-1.9567,0.297954,-0.0504956,0.216225
-7.81208,0.368872,3.26511,0.0968371,-57.4614,0.134275,-1.90957,0.354365,-0.0285439,0.323074
-7.79403,0.31796,3.36342,0.120214,-59.6911,0.162778,-2.04098,0.397973,0.0124409,0.369104
-7.38179,0.112589,3.33775,0.173274,-57.4842,0.0661582,-2.23713,0.0808004,0.607983,0.535828
-7.20438,0.18873,3.17685,0.116321,-56.5836,0.112485,-2.39933,0.123144,0.791615,0.47511
-7.13685,0.244537,3.04317,0.0645409,-55.0876,0.413416,-2.49506,0.223473,0.817328,0.410701
-7.15806,0.29768,3.12785,0.147362,-57.6679,0.308603,-2.44327,0.168809,0.871187,0.348169
-7.09079,0.325955,3.12159,0.140208,-51.5246,0.104746,-2.27696,0.137717,0.895561,0.350598
-7.13109,0.151411,3.17175,0.096265,-54.5779,0.105818,-2.38538,0.067719,0.903389,0.422412
-7.26965,0.189547,3.23722,0.147221,-55.4409,0.0679103,-2.38653,0.125041,0.737233,0.481585
-7.37461,0.148024,3.19377,0.150181,-54.7389,0.0587059,-2.39619,0.103168,0.628988,0.440972
-7.42173,0.317401,3.33643,0.145533,-53.6704,0.12371,-2.28948,0.146579,0.558262,0.411423
-7.37228,0.307169,3.72544,0.07763,-51.0244,0.2819,-2.3887,0.107354,0.773861,0.370861
-7.35132,0.355988,3.64742,0.0831997,-52.0949,0.329234,-2.42674,0.206036,0.800379,0.272981
-7.4831,0.354913,3.60117,0.1411,-49.9175,0.0818705,-2.44482,0.123786,0.598405,0.216987
-7.34827,0.357585,3.46655,0.250223,-48.2694,0.134675,-2.28126,0.216606,0.72849,0.1861
-7.3775,0.361879,3.36571,0.255733,-46.9087,0.089706,-2.2625,0.17506,0.660024,0.202282
-7.26169,0.268121,3.3795,0.190274,-48.993,0.0653814,-2.38201,0.0849529,0.83698,0.355124
-7.41901,0.441674,3.43922,0.0712198,-52.3825,0.127732,-2.05613,0.232859,0.555509,0.13914
-7.32774,0.49213,3.37832,0.108141,-47.3262,0.105753,-1.92199,0.14272,0.601543,0.0838552
-7.45316,0.392483,3.24268,0.164007,-46.7488,0.0536669,-1.84591,0.173654,0.477118,0.256715
-7.58679,0.439491,3.27508,0.0994789,-48.1473,0.10108,-1.7511,0.153062,0.250756,0.100668
-7.57649,0.421553,3.27161,0.101767,-48.0693,0.18426,-1.76695,0.193775,0.26646,0.0714262
-7.61656,0.393716,3.10727,0.0918137,-48.3161,0.352926,-1.73142,0.160479,0.166677,0.13028
-7.65854,0.390581,2.97964,0.306432,-50.5144,0.383354,-1.63494,0.0962195,-0.0246535,0.168901
-7.65854,0.390581,2.97964,0.306432,-50.5144,0.383354,-1.63494,0.0962195,-0.0246535,0.168901
-7.57271,0.425188,3.13931,0.253774,-48.8543,0.53293,-1.5765,0.123962,0.191492,0.122023
-7.45472,0.403344,3.15762,0.269879,-44.1328,0.482549,-1.64042,0.0749061,0.375876,0.0438697
-7.44879,0.389967,3.16508,0.285285,-45.5384,0.424725,-1.80227,0.126435,0.393638,0.080498
-7.59327,0.30547,3.19105,0.239314,-42.0778,0.615385,-2.01716,0.281873,0.348486,0.253289
-7.56455,0.369581,3.24953,0.28915,-43.8859,0.535896,-1.90493,0.242564,0.412081,0.166052
-7.56313,0.407539,3.29288,0.264995,-44.9447,0.518793,-1.85471,0.365837,0.315651,0.112368
-7.64613,0.368364,3.25156,0.182175,-45.8811,0.701954,-1.88891,0.27305,0.284345,0.139657
-7.58867,0.357045,3.31017,0.255971,-49.8772,0.670865,-1.97146,0.258913,0.300594,0.113337
-7.68879,0.363517,3.37301,0.219795,-47.9916,0.650547,-1.88023,0.380216,0.110739,0.179603
-7.60186,0.369518,3.18033,0.0984146,-48.8105,0.704794,-1.8994,0.33347,0.247398,0.248573
-7.77514,0.363769,3.35842,0.210741,-48.0531,0.859174,-1.83736,0.483573,0.0601055,0.0838382
-7.8751,0.371853,3.43559,0.0654038,-48.1847,0.772826,-1.87923,0.545317,-0.0367077,0.0959889
-7.94386,0.295953,3.35093,0.12986,-44.9735,0.650643,-1.95044,0.600589,-0.141552,0.257907
-7.69728,0.326217,3.44588,0.0553375,-49.1472,0.3284,-1.90582,0.515896,0.179037,0.285631
-7.73428,0.406409,3.50444,0.167292,-49.5858,0.308429,-1.85437,0.426976,0.108061,0.0608688
-7.84778,0.39047,3.48569,0.13915,-50.0343,0.395799,-1.87785,0.287346,-0.0211086,0.176241
-7.81226,0.412736,3.46307,0.0695154,-51.9467,0.307885,-1.88255,0.299732,0.055344,0.109178
-7.64102,0.382956,3.39013,0.0869882,-47.134,0.228443,-1.77239,0.360528,0.209007,0.133061
-7.60946,0.411638,3.65649,0.0867297,-41.432,0.205831,-1.88567,0.327341,0.386099,0.151588
-7.57466,0.306376,3.6519,0.0973997,-41.3362,0.0942526,-2.00098,0.312363,0.485828,0.322054
-7.66068,0.315335,3.39703,0.128459,-45.3887,0.280078,-1.9484,0.392357,0.242255,0.377961
-7.77216,0.297358,3.47108,0.0882069,-46.2856,0.398232,-2.06619,0.446782,0.173172,0.325463
-7.71621,0.353714,3.48798,0.107421,-43.4046,0.386428,-1.89234,0.655293,0.196109,0.111958
-7.63338,0.365237,3.55036,0.107598,-47.2201,0.298738,-2.03957,0.493738,0.291129,0.206674
-7.55364,0.330013,3.51326,0.11122,-45.2052,0.23204,-2.23593,0.46064,0.526334,0.137192
-7.6878,0.327085,3.60301,0.117437,-48.2263,0.244214,-2.24413,0.52263,0.296314,0.0851612
-7.7307,0.342407,3.53653,0.176353,-45.0725,0.165117,-2.38081,0.430469,0.283492,0.124215
-7.71107,0.357014,3.56258,0.157574,-45.5338,0.201594,-2.39191,0.445247,0.331374,0.115793
-7.68007,0.342245,3.55555,0.175959,-45.6773,0.21681,-2.42208,0.416229,0.421867,0.112516
-7.61448,0.30319,3.59892,0.137419,-44.9589,0.355713,-2.46051,0.317285,0.442572,0.206961
-7.47739,0.318294,3.58555,0.0805803,-41.7393,0.323842,-2.4447,0.454123,0.647752,0.212845
-7.55296,0.346219,3.47727,0.158486,-43.515,0.259827,-2.20534,0.23437,0.512001,0.244294
-7.5161,0.346871,3.45127,0.108211,-44.4811,0.278614,-2.24534,0.371585,0.501796,0.156701
-7.44786,0.386588,3.55662,0.105267,-43.5568,0.241383,-2.17113,0.234785,0.624795,0.153579
-7.31827,0.378223,3.45239,0.104753,-39.363,0.203055,-2.21847,0.364322,0.729984,0.0508434
-7.34267,0.39965,3.2958,0.0971749,-40.4032,0.158024,-2.23926,0.518839,0.696924,0.15272
-7.39807,0.356676,3.44299,0.078759,-43.1213,0.101622,-2.08402,0.503458,0.662431,0.247938
-7.40069,0.366793,3.27204,0.193425,-43.737,0.157088,-2.10681,0.502671,0.590908,0.291621
-7.72268,0.290878,3.25752,0.153809,-46.0195,0.124152,-1.85932,0.698821,0.164999,0.384815
-7.80823,0.319368,3.42793,0.0768987,-44.503,0.134083,-1.7918,0.479749,0.00196011,0.359375
-7.7882,0.292328,3.32972,0.075576,-43.676,0.0603404,-1.58844,0.339445,-0.0255873,0.419106
-7.96528,0.269455,3.39854,0.0431371,-43.8327,0.160967,-1.61284,0.212932,-0.390924,0.51252
-8.00652,0.296367,3.41788,0.0728193,-43.6904,0.0723916,-1.53064,0.154296,-0.462176,0.540122
-8.03791,0.3489,3.41283,0.0439626,-43.5377,0.106954,-1.41156,0.189543,-0.578437,0.447627
-7.97039,0.334653,3.218,0.115842,-43.4919,0.0821311,-1.34966,0.207416,-0.4388,0.459233
-7.92137,0.299018,3.39949,0.120813,-39.8261,0.087985,-1.27699,0.359114,-0.337889,0.498423
-8.05212,0.315046,3.52284,0.0738988,-37.8704,0.138035,-1.27945,0.269532,-0.536325,0.448722
-8.10417,0.278543,3.30655,0.0998585,-39.2586,0.121495,-1.31963,0.216442,-0.697737,0.45537
-8.06686,0.409468,3.43313,0.170634,-40.0798,0.294263,-1.36587,0.207699,-0.548911,0.269093
-8.12325,0.364335,3.39632,0.0583141,-39.4772,0.319214,-1.1725,0.279512,-0.742409,0.130456
-8.25726,0.35913,3.44222,0.0819652,-42.5804,0.0708594,-1.19855,0.32606,-1.09265,0.271439
-8.16079,0.378353,3.48375,0.087778,-46.8983,0.111659,-1.24772,0.333874,-1.01954,0.493893
-8.1239,0.310388,3.49266,0.061398,-49.8137,0.0586502,-1.51005,0.195207,-0.753588,0.48208
-8.14443,0.360088,3.53407,0.0572131,-51.552,0.106159,-1.67807,0.243318,-0.751058,0.425658
-8.17327,0.378988,3.4129,0.0615224,-47.6671,0.117137,-1.37591,0.0638796,-0.929181,0.36836
-8.10951,0.395214,3.40216,0.0623881,-48.2456,0.155919,-1.3457,0.03631,-0.835483,0.226714
-7.94293,0.372198,3.44372,0.0581638,-45.9444,0.120283,-1.52506,0.15253,-0.300127,0.427972
-7.98514,0.329549,3.56107,0.0950679,-45.4059,0.0841078,-1.55445,0.1708,-0.382556,0.457961
-7.90605,0.414055,3.49387,0.117262,-47.0047,0.162099,-1.50336,0.0920157,-0.333895,0.389174
-7.93428,0.365916,3.56225,0.130608,-43.8533,0.289949,-1.61446,0.100012,-0.250896,0.363174
-7.95167,0.360812,3.50601,0.101088,-41.2044,0.161337,-1.43193,0.063181,-0.455043,0.376845
-8.02604,0.372288,3.55238,0.102006,-43.2693,0.146991,-1.49733,0.182191,-0.537086,0.416618
-8.02866,0.361986,3.49729,0.063446,-40.7681,0.13607,-1.31143,0.231275,-0.524291,0.377968
-8.13244,0.364353,3.32477,0.0780811,-37.8259,0.0753474,-1.03965,0.116962,-0.830835,0.0979422
-8.0516,0.346377,3.40728,0.186789,-35.7825,0.1151,-1.01049,0.274587,-0.596976,0.261091
-8.22622,0.366041,3.43159,0.133398,-36.7548,0.0888146,-0.96291,0.0588714,-1.19272,0.147915
-8.112,0.373188,3.42123,0.0847944,-37.6371,0.0756841,-0.921453,0.220024,-0.782351,0.12279
-8.14214,0.366848,3.57351,0.0995039,-31.4358,0.101056,-0.810158,0.247864,-0.88376,0.178075
-8.19031,0.409678,3.59674,0.0393503,-27.5591,0.0491436,-0.856417,0.107933,-0.950422,0.242745
-8.28719,0.323055,3.67322,0.0673141,-29.3641,0.241674,-0.909138,0.2305,-1.10933,0.323664
-8.27459,0.396506,3.78416,0.0802923,-26.5656,0.284083,-0.745815,0.229125,-1.03311,0.373734
-8.26808,0.429887,3.60642,0.178465,-23.5334,0.208834,-0.427053,0.290926,-1.24502,0.291698
-8.23989,0.331896,3.62556,0.146153,-18.6278,0.229464,-0.269647,0.331043,-0.988177,0.469032
-8.26831,0.343192,3.77891,0.0783402,-17.2096,0.0698804,-0.284888,0.24422,-0.930399,0.418692
-8.10305,0.367515,3.63417,0.103245,-17.4929,0.236452,-0.24968,0.119724,-0.618983,0.427311
-8.09657,0.302552,3.55361,0.163258,-17.4192,0.0956216,-0.203078,0.132913,-0.638529,0.57656
-8.04999,0.39036,3.80838,0.18247,-17.9554,0.0675295,-0.371962,0.0859063,-0.43175,0.418366
-8.13723,0.375098,3.71818,0.0827596,-17.9489,0.0722278,-0.337729,0.115836,-0.671882,0.174453
-7.93257,0.413808,3.58717,0.135748,-20.7746,0.0749322,-0.499985,0.047853,-0.304121,0.327482
-8.06761,0.368014,3.56522,0.158492,-21.1981,0.0991813,-0.607354,0.158286,-0.539383,0.300493
-8.17886,0.378865,3.7122,0.118186,-21.6406,0.11243,-0.514571,0.0930987,-0.909897,0.337521
-8.22715,0.40544,3.58586,0.113677,-21.3613,0.199824,-0.514593,0.0620237,-1.01407,0.211562
-8.24256,0.345853,3.6593,0.125877,-21.4613,0.161304,-0.580658,0.167391,-1.0407,0.24805
-8.15808,0.370138,3.64454,0.272066,-21.4089,0.113705,-0.449456,0.17914,-0.81532,0.149305
-8.16776,0.41216,3.67497,0.183429,-21.9392,0.160436,-0.446877,0.0948132,-0.939173,0.0779249
-8.2343,0.414874,3.62405,0.0983393,-21.6915,0.134252,-0.50078,0.167303,-1.01237,0.10066
-8.13573,0.416878,3.64762,0.100374,-23.6097,0.110723,-0.532472,0.0701346,-0.835766,0.100536
-8.1584,0.402789,3.69629,0.151464,-22.6513,0.0739586,-0.573027,0.235439,-0.760183,0.101675
-8.03515,0.390734,3.77816,0.111212,-21.8366,0.171936,-0.676003,0.276055,-0.407853,0.0941264
-8.01645,0.406412,3.84386,0.147496,-20.6668,0.110524,-0.682157,0.217665,-0.3519,0.0671204
-7.94141,0.408124,3.88484,0.155233,-17.1108,0.236421,-0.387351,0.124276,-0.151157,0.164209
-7.87876,0.409692,3.91405,0.0843493,-15.5649,0.102721,-0.435007,0.315336,0.0697201,0.21808
-7.81444,0.347437,4.04402,0.183369,-15.9328,0.075827,-0.47402,0.412544,0.126916,0.265022
-7.8106,0.393757,3.83513,0.121634,-17.1951,0.0909245,-0.548125,0.409968,0.0953712,0.106493
-7.65586,0.382109,3.98856,0.152525,-12.3997,0.105899,-0.470595,0.215516,0.464063,0.115989
-7.53571,0.378541,3.93225,0.0899458,-11.0087,0.199722,-0.413506,0.255884,0.57187,0.0611658
-7.70138,0.439454,3.86167,0.0951128,-14.8041,0.303372,-0.503091,0.111565,0.29829,0.115279
-7.64569,0.392402,3.84005,0.139714,-13.9949,0.277602,-0.384526,0.100709,0.379565,0.212962
-7.52469,0.30752,4.07055,0.111624,-12.9537,0.128072,-0.484557,0.12165,0.589806,0.27437
-7.51277,0.315166,4.14436,0.0442521,-11.1687,0.14619,-0.477068,0.417936,0.698415,0.316455
-7.51581,0.309897,4.02415,0.182742,-11.4237,0.0832411,-0.41052,0.386397,0.651016,0.327384
-7.62443,0.336251,3.92207,0.140061,-10.5083,0.181053,-0.422971,0.468648,0.516902,0.213834
-7.51945,0.371684,3.98458,0.226512,-9.89366,0.244485,-0.296525,0.429346,0.632443,0.188294
-7.50434,0.374876,3.91476,0.130538,-12.6636,0.136283,-0.46892,0.309878,0.624606,0.133779
-7.48147,0.387701,3.63199,0.0707035,-12.3803,0.136192,-0.453582,0.4745,0.606461,0.108634
-7.45674,0.419171,3.633,0.176734,-10.8479,0.149099,-0.403642,0.353882,0.647378,0.0581634
-7.68413,0.333623,3.71385,0.207031,-14.6192,0.267506,-0.685817,0.48588,0.317699,0.232928
-7.73895,0.379604,3.77874,0.0657252,-18.5541,0.0837841,-0.776313,0.493485,0.256456,0.0663446
-7.57856,0.290391,3.82533,0.195362,-14.2956,0.217343,-0.876056,0.480883,0.543129,0.313689
-7.59007,0.315103,3.78634,0.0996658,-17.1431,0.120139,-0.925405,0.432884,0.477762,0.319365
-7.45876,0.195527,3.85797,0.117997,-14.7263,0.0727426,-1.08322,0.520051,0.687875,0.439356
-7.56662,0.237339,3.97358,0.159146,-13.2904,0.0724457,-1.03733,0.136381,0.621702,0.391559
-7.44241,0.228743,3.83759,0.173348,-17.4523,0.0916133,-1.1637,0.0390837,0.731948,0.366024
-7.22838,0.194934,3.70262,0.22561,-18.4485,0.33761,-1.07355,0.102698,0.904141,0.499702
-7.32149,0.159346,3.75985,0.0911903,-16.336,0.301263,-1.1591,0.14074,0.825281,0.465978
-7.54327,0.265774,3.86244,0.0676132,-12.8388,0.380384,-1.08005,0.275735,0.624426,0.335327
-7.50033,0.343026,3.9401,0.109772,-14.6357,0.416109,-1.05581,0.121021,0.664045,0.22819
-7.52442,0.301622,3.95661,0.0764991,-14.9206,0.423303,-1.04693,0.0785145,0.707008,0.286045
-7.45984,0.28452,3.88579,0.175634,-17.3962,0.55188,-1.18255,0.155915,0.727069,0.324059
-7.56038,0.355821,3.89216,0.069684,-19.3867,0.731968,-1.05981,0.154321,0.540388,0.311371
-7.72465,0.333741,3.8174,0.163517,-15.6426,0.842634,-0.756603,0.349438,0.271721,0.228566
-7.60435,0.402858,3.72893,0.0887603,-19.0949,0.672761,-0.97945,0.286569,0.495866,0.0853823
-7.76108,0.320877,3.61142,0.230524,-16.8807,0.518429,-0.958378,0.481667,0.215474,0.178319
-7.55792,0.363852,3.65978,0.068991,-14.2557,0.520108,-0.954758,0.405252,0.535092,0.152048
-7.50282,0.38655,3.55583,0.0903076,-14.0914,0.612283,-0.810986,0.527216,0.575252,0.144887
-7.47481,0.430687,3.62177,0.118103,-12.9985,0.629207,-0.742898,0.451547,0.629759,0.0804937
-7.55239,0.339078,3.46819,0.0736196,-14.5535,0.593087,-0.736464,0.379145,0.489014,0.241574
-7.47527,0.218825,3.48007,0.0893639,-13.535,0.559908,-0.717814,0.203401,0.595192,0.348674
-7.59334,0.297327,3.76019,0.229054,-13.2305,0.560623,-0.743472,0.129215,0.515719,0.294451
-7.41578,0.338086,3.76177,0.23046,-13.1462,0.838629,-0.798732,0.174881,0.710576,0.211704
-7.46011,0.303131,3.59213,0.232719,-12.7983,0.78365,-0.712668,0.169281,0.604074,0.29588
-7.40295,0.234487,3.66426,0.113036,-13.2653,0.768407,-0.530471,0.226267,0.684351,0.486366
-7.50526,0.266968,3.66951,0.104976,-14.855,0.839388,-0.613469,0.229599,0.55981,0.427338
-7.46325,0.29009,3.86874,0.244928,-15.331,0.945029,-0.665242,0.0939988,0.62537,0.354612
-7.66489,0.343148,3.85114,0.154589,-16.1075,0.906018,-0.636925,0.059198,0.356841,0.283635
-7.50771,0.400972,3.83379,0.235666,-12.3906,0.885733,-0.380686,0.142964,0.612843,0.109568
-7.39322,0.391744,3.8335,0.181431,-8.40065,0.65772,-0.269242,0.144565,0.801814,0.0554738
-7.21401,0.338469,3.80382,0.218719,-7.98408,0.572133,-0.256853,0.106206,1.03994,0.277408
-7.23406,0.301951,3.88061,0.174577,-6.71694,0.549406,-0.272792,0.0631667,1.00229,0.332405
-7.44968,0.275775,3.83496,0.184378,-3.3502,0.662822,-0.403627,0.147513,0.734057,0.378184
-7.37217,0.353356,3.79391,0.235097,-3.88823,0.656915,-0.487594,0.125033,0.82154,0.207698
-7.26764,0.420384,3.94969,0.216143,-6.63076,0.724028,-0.495378,0.0535378,0.941597,0.188584
-7.33049,0.346014,3.90428,0.200339,-7.47024,0.700572,-0.526085,0.0908089,0.8537,0.218987
-7.26735,0.40926,3.99084,0.10707,-8.74781,0.637911,-0.487855,0.164129,0.959047,0.136185
-7.26456,0.389609,4.06647,0.115657,-8.24179,0.488239,-0.540664,0.0898153,0.955627,0.174214
-7.35544,0.34587,4.03021,0.0731491,-7.67501,0.505198,-0.597785,0.0439661,0.900796,0.275657
-7.33863,0.284424,4.07818,0.183361,-10.1573,0.468563,-0.636197,0.214797,0.91203,0.288358
-7.52967,0.376882,3.98295,0.134553,-12.6669,0.447022,-0.57485,0.350641,0.597975,0.105778
-7.44073,0.278328,4.10199,0.151425,-11.7599,0.417784,-0.325306,0.305436,0.71897,0.399654
-7.47815,0.272914,4.16795,0.102447,-10.3674,0.487121,-0.406325,0.432001,0.735272,0.389306
-7.59938,0.297541,4.06767,0.150375,-10.688,0.517517,-0.480278,0.58579,0.594425,0.282364
-7.70632,0.286252,3.95606,0.112752,-11.9294,0.277689,-0.452039,0.702487,0.338632,0.330197
-7.57974,0.379288,4.0099,0.112887,-10.4252,0.190233,-0.332135,0.404475,0.573111,0.157817
-7.48967,0.32231,4.02429,0.0849051,-11.6846,0.198074,-0.509766,0.470495,0.692333,0.21736
-7.45165,0.378028,3.87403,0.0865825,-10.8815,0.187642,-0.399669,0.369014,0.720113,0.122989
-7.55137,0.394288,3.86956,0.219481,-12.2954,0.23078,-0.424713,0.634803,0.588187,0.191087
-7.46239,0.379588,3.76322,0.246859,-13.3161,0.312005,-0.383005,0.489641,0.598247,0.26426
-7.32056,0.409048,3.70512,0.0619602,-12.3988,0.179367,-0.320742,0.368083,0.780034,0.151304
-7.31455,0.428165,3.4697,0.147722,-12.7094,0.162563,-0.396965,0.433664,0.795571,0.165735
-7.38927,0.390608,3.33423,0.0803004,-10.9895,0.273749,-0.420967,0.393514,0.666551,0.137704
-7.40687,0.314695,3.35459,0.0881459,-11.9857,0.162355,-0.338124,0.30605,0.585758,0.246531
-7.39164,0.334088,3.41669,0.0909809,-10.0403,0.215282,-0.306626,0.307894,0.709156,0.267069
-7.34506,0.396468,3.37246,0.098283,-8.47853,0.284874,-0.464512,0.326023,0.746952,0.151431
-7.39142,0.350266,3.24144,0.0718249,-10.201,0.429864,-0.489002,0.26278,0.632684,0.10198
-7.45306,0.396509,3.47939,0.0500057,-10.4786,0.417824,-0.373414,0.127335,0.634358,0.0835261
-7.6203,0.353838,3.84276,0.205848,-10.469,0.208581,0.00682431,0.243244,0.523522,0.253044
-7.57422,0.397004,3.854,0.173916,-10.239,0.262473,0.0539634,0.216863,0.523201,0.129155
-7.41235,0.430097,3.73707,0.0753357,-9.75208,0.257279,0.0418754,0.324766,0.684714,0.191998
-7.35279,0.331295,3.73831,0.150288,-9.41317,0.0457139,0.192579,0.232745,0.765216,0.334785
-7.4998,0.247926,3.9249,0.108893,-9.02309,0.10149,0.201109,0.0933438,0.670868,0.402292
-7.78675,0.318331,3.9376,0.152894,-11.6294,0.276003,0.104661,0.104959,0.222016,0.467721
-7.73786,0.307907,3.85919,0.118174,-12.4665,0.058666,0.028173,0.125249,0.255074,0.425675
-7.64699,0.283736,4.07955,0.106751,-10.3919,0.211335,0.148537,0.156964,0.44775,0.427351
-7.41952,0.356214,4.16944,0.0953732,-8.98232,0.366174,0.233998,0.0718891,0.750934,0.280384
-7.43604,0.359098,4.2091,0.0967254,-8.93154,0.326991,0.247958,0.264716,0.756735,0.328907
-7.44459,0.308826,4.12794,0.143829,-8.14809,0.319617,0.237484,0.25671,0.745934,0.316379
-7.35159,0.38526,4.11741,0.197464,-7.37489,0.367367,0.276565,0.246311,0.888231,0.222233
-7.3755,0.306182,4.07681,0.0710993,-6.4702,0.333341,-0.00578814,0.217407,0.89181,0.243705
-7.50964,0.311333,4.04903,0.117569,-5.5946,0.269313,0.115658,0.216726,0.688565,0.146938
-7.49998,0.388374,3.92735,0.103447,-8.36456,0.190096,0.0378175,0.223727,0.716426,0.130407
-7.60649,0.339866,3.88932,0.0649791,-9.8936,0.147585,-0.0110959,0.105278,0.517395,0.179039
-7.60454,0.379523,3.65133,0.134686,-9.36491,0.0963076,0.0478807,0.213675,0.518683,0.119431
-7.44274,0.399153,3.74118,0.0884256,-8.01096,0.228139,-0.00452901,0.0707637,0.677265,0.174369
-7.42921,0.355477,3.85569,0.0895307,-7.86512,0.352351,0.144631,0.093687,0.74171,0.270891
-7.4694,0.32278,3.7484,0.117044,-7.61163,0.166047,0.18256,0.207634,0.690493,0.25217
-7.40317,0.387888,3.78758,0.109382,-7.60889,0.138538,0.150724,0.142458,0.792245,0.124453
-7.53534,0.401298,3.76829,0.122985,-10.4753,0.0937362,0.108412,0.102739,0.528303,0.122982
-7.66139,0.384034,3.87174,0.138645,-8.78031,0.143207,0.0677946,0.100567,0.479836,0.0973412
-7.57045,0.385509,3.84054,0.172356,-9.71395,0.0867031,-0.0304393,0.11026,0.549964,0.101457
-7.43511,0.358993,3.74914,0.0538338,-10.0125,0.185257,-0.170995,0.172042,0.690747,0.108874
-7.43867,0.369189,3.71162,0.0639156,-10.2418,0.165038,-0.204578,0.161759,0.674988,0.0983249
-7.48089,0.385658,3.65314,0.157217,-10.3134,0.112854,-0.0250193,0.0815095,0.62425,0.0900107
-7.51831,0.377668,3.66682,0.179404,-9.43962,0.106852,-0.0239363,0.0697879,0.579624,0.0970832
-7.52817,0.366685,3.58735,0.0973861,-11.2185,0.197417,-0.171966,0.0805362,0.51849,0.175653
-7.56824,0.368241,3.43149,0.112309,-10.7845,0.276596,-0.025052,0.118889,0.509471,0.182333
-7.44909,0.318318,3.45287,0.18057,-12.1303,0.222681,-0.209248,0.0786555,0.589864,0.34068
-7.54409,0.421204,3.67923,0.237706,-11.7117,0.126709,-0.238336,0.227929,0.524648,0.134626
-7.65059,0.400948,3.82876,0.26154,-12.0145,0.151291,-0.331078,0.19466,0.400501,0.116247
-7.66462,0.355359,3.8824,0.300633,-11.392,0.114065,-0.206276,0.141386,0.407812,0.165129
-7.68885,0.329894,3.81937,0.37636,-9.69265,0.149275,-0.162132,0.148799,0.45104,0.149965
-7.59468,0.378763,3.76448,0.336204,-11.3481,0.238649,-0.227657,0.16241,0.470964,0.12957
-7.49513,0.415764,3.86596,0.149521,-10.372,0.0839905,-0.215628,0.228661,0.65857,0.141296
-7.56371,0.40649,4.03111,0.0653976,-11.7915,0.132428,-0.441378,0.214238,0.577464,0.0907223
-7.63812,0.371172,4.1222,0.0694251,-10.1711,0.122277,-0.415852,0.224728,0.580786,0.0775658
-7.57119,0.385307,4.13558,0.0998776,-12.2263,0.0703369,-0.435751,0.0577872,0.584097,0.265779
-7.46051,0.369593,4.24226,0.0586034,-10.3026,0.136892,-0.44048,0.0919194,0.793793,0.257463
-7.42445,0.288413,4.24395,0.0979773,-8.7998,0.0918777,-0.425667,0.130262,0.815447,0.284251
-7.43718,0.241012,4.29729,0.096809,-9.61731,0.100453,-0.437366,0.0874616,0.846686,0.406953
-7.57965,0.270726,4.32687,0.0646451,-11.3613,0.131071,-0.457563,0.126971,0.637071,0.333399
-7.7642,0.342218,4.06989,0.117256,-13.7185,0.174317,-0.260761,0.42875,0.254112,0.324707
-7.7109,0.316674,4.13866,0.0585669,-11.946,0.135473,-0.313952,0.43726,0.37974,0.332212
-7.82093,0.311705,4.04586,0.121274,-13.3397,0.283716,-0.275658,0.508627,0.173146,0.323762
-7.75656,0.316208,4.02717,0.0958276,-12.1906,0.255637,-0.221299,0.367763,0.276914,0.298162
-7.50335,0.270301,4.01857,0.250389,-8.98547,0.168173,-0.209689,0.300572,0.674465,0.352635
-7.60088,0.30976,3.88835,0.194922,-10.9163,0.0910827,-0.083902,0.129157,0.521783,0.35116
-7.53165,0.300513,3.88991,0.0497644,-12.2452,0.0869278,-0.355551,0.300472,0.552908,0.408773
-7.68619,0.385302,3.84095,0.0860389,-14.1448,0.0969089,-0.636849,0.437763,0.387835,0.156425
-7.67789,0.324194,3.92092,0.0973741,-14.7146,0.0655417,-0.690649,0.491021,0.360814,0.210595
-7.5732,0.373753,3.75672,0.235684,-13.9435,0.145021,-0.765326,0.108592,0.525702,0.171748
-7.53107,0.381141,3.62622,0.333684,-14.7165,0.320528,-0.673699,0.252446,0.490526,0.157188
-7.37889,0.311587,3.606,0.278298,-16.5179,0.145265,-0.664701,0.141342,0.679425,0.351382
-7.24842,0.412572,3.40803,0.169235,-14.1386,0.128363,-0.867799,0.232382,0.822569,0.0952767
-7.2623,0.439344,3.50223,0.0526693,-12.6579,0.221296,-0.944129,0.15101,0.883151,0.089562
-7.33074,0.383415,3.49413,0.0593882,-13.1052,0.244471,-0.996284,0.0849191,0.802988,0.0963802
-7.27331,0.407165,3.58876,0.145322,-15.7589,0.222524,-0.909845,0.0815867,0.827989,0.0694884
-7.27129,0.411877,3.5994,0.112547,-18.4848,0.179613,-0.920657,0.096394,0.803308,0.116515
-7.37547,0.381787,3.42709,0.0821254,-18.0329,0.179755,-0.927814,0.0589818,0.65261,0.223004
-7.34825,0.395232,3.55156,0.0697521,-19.1841,0.144973,-1.15658,0.112755,0.732619,0.0847744
-7.43601,0.397967,3.62744,0.149052,-19.1864,0.0948936,-1.21041,0.162904,0.663984,0.142761
-7.33288,0.410775,3.52572,0.0444999,-18.8396,0.155451,-1.15456,0.114613,0.765915,0.152488
-7.47585,0.376659,3.56468,0.0798938,-17.3857,0.101185,-1.10417,0.212512,0.61104,0.129157
-7.48579,0.352812,3.70322,0.12121,-17.0911,0.115467,-1.20762,0.164342,0.649976,0.193028
-7.37035,0.398865,3.66698,0.116545,-17.1897,0.127735,-1.15776,0.148534,0.79627,0.122937
-7.37281,0.397531,3.67739,0.123472,-16.9781,0.123607,-1.16273,0.134929,0.774053,0.135854
-7.38565,0.269487,3.75446,0.11431,-19.0898,0.093334,-1.25825,0.146727,0.767308,0.38899
-7.59443,0.220857,3.88687,0.0584728,-20.1726,0.115717,-1.53738,0.0876535,0.609692,0.39946
-7.5036,0.25979,3.80385,0.069476,-22.0759,0.11399,-1.3945,0.270289,0.612622,0.403207
-7.25617,0.194945,3.74581,0.125062,-21.7037,0.148384,-1.70167,0.179386,0.955069,0.408703
-7.18008,0.254796,3.68074,0.122035,-21.3678,0.102725,-1.74687,0.16085,0.989781,0.459202
-7.21029,0.265471,3.74744,0.0656748,-21.7962,0.0908814,-1.66753,0.141567,0.987015,0.410979
-7.22748,0.268948,3.56791,0.0738787,-19.678,0.165379,-1.70609,0.103694,0.96158,0.350541
-7.24288,0.306532,3.42751,0.170172,-20.538,0.0594507,-1.68782,0.0683626,0.903286,0.308694
-7.28653,0.337222,3.41003,0.132341,-20.8433,0.090831,-1.69498,0.101451,0.7916,0.276829
-7.28653,0.337222,3.41003,0.132341,-20.8433,0.090831,-1.69498,0.101451,0.7916,0.276829
-7.27621,0.319382,3.5481,0.17942,-21.3431,0.193132,-1.72565,0.199163,0.864028,0.332726
-7.31015,0.348272,3.54283,0.173827,-22.2969,0.0682904,-1.70931,0.379116,0.807733,0.283701
-7.21279,0.336124,3.4846,0.160067,-20.2787,0.135194,-1.64295,0.539424,0.888845,0.329454
-7.25117,0.373364,3.39907,0.0914271,-20.5705,0.145655,-1.54465,0.500688,0.868289,0.200376
-7.43215,0.399056,3.54874,0.0930725,-22.7307,0.0786485,-1.50773,0.306834,0.659636,0.082478
-7.29115,0.418024,3.40526,0.218703,-24.3907,0.123066,-1.56922,0.347266,0.737444,0.1335
-7.28741,0.425799,3.21337,0.210129,-22.4081,0.0804193,-1.43768,0.230457,0.726632,0.0517919
-7.22728,0.390217,3.24724,0.208512,-22.3822,0.117486,-1.54568,0.146508,0.78358,0.0639636
-7.31716,0.347331,3.15793,0.203565,-22.106,0.111643,-1.54918,0.0617629,0.689608,0.10102
-7.33548,0.356203,3.24284,0.142678,-25.7293,0.182164,-1.49174,0.126498,0.687662,0.130826
-7.30805,0.401136,3.29878,0.115394,-28.7823,0.178233,-1.65831,0.0986107,0.712746,0.09271
-7.31362,0.371747,3.41715,0.296924,-28.174,0.102353,-1.65919,0.0755915,0.71438,0.107025
-7.41866,0.379655,3.39242,0.245977,-29.63,0.146571,-1.49187,0.1238,0.596264,0.0625757
-7.42186,0.458854,3.21565,0.261883,-31.194,0.131671,-1.45922,0.208985,0.473163,0.143333
-7.52566,0.36357,3.18404,0.297123,-32.8996,0.22637,-1.30592,0.1646,0.261341,0.188341
-7.44791,0.346321,3.02278,0.248795,-35.2682,0.432586,-1.36272,0.116038,0.356456,0.261114
-7.44864,0.397055,3.00808,0.144953,-33.4804,0.38565,-1.3934,0.178859,0.349672,0.221619
-7.47163,0.387812,3.36788,0.101716,-31.9672,0.269385,-1.65253,0.0758789,0.536873,0.169132
-7.49639,0.394607,3.39793,0.151755,-32.7257,0.272179,-1.71331,0.0866119,0.52634,0.173841
-7.37731,0.277307,3.2207,0.091497,-34.9305,0.228247,-1.84675,0.370242,0.624584,0.386345
-7.46683,0.22208,3.16613,0.295438,-31.8026,0.18082,-1.61865,0.357936,0.436517,0.451129
-7.51685,0.175568,3.3014,0.191842,-27.1692,0.266305,-1.54141,0.337536,0.535474,0.422115
-7.48651,0.26781,3.45372,0.156678,-24.6124,0.348738,-1.56099,0.353519,0.540569,0.342811
-7.50275,0.405536,3.36911,0.0971984,-23.5857,0.183073,-1.456,0.157597,0.552401,0.169862
-7.55828,0.351132,3.47525,0.143561,-26.969,0.0551006,-1.55258,0.192036,0.477526,0.194073
-7.5028,0.189041,3.65696,0.0603244,-24.9125,0.173578,-1.29693,0.264998,0.522834,0.532087
-7.50075,0.111434,3.54356,0.153937,-25.1755,0.156216,-1.34847,0.176627,0.470788,0.527588
-7.26902,0.190066,3.65022,0.164334,-22.9744,0.0926841,-1.23901,0.0713835,0.841588,0.433979
-7.43906,0.211758,3.6137,0.239691,-24.0612,0.0774727,-1.5167,0.140449,0.709204,0.440848
-7.39177,0.242471,3.73446,0.161831,-22.701,0.0440215,-1.58615,0.169374,0.744291,0.429339
-7.38789,0.187178,3.59505,0.192868,-20.8408,0.112372,-1.35479,0.126096,0.693894,0.448334
-7.28317,0.346168,3.70416,0.15532,-22.5252,0.0844434,-1.14382,0.0498499,0.82717,0.387759
-7.26126,0.35297,3.71892,0.0731891,-21.5636,0.148319,-1.10477,0.129293,0.84074,0.399873
-7.30189,0.373765,3.64021,0.0700611,-20.1754,0.158076,-1.15518,0.268411,0.813042,0.230241
-7.36024,0.321829,3.7457,0.239383,-21.2373,0.124205,-1.31325,0.348166,0.764279,0.270747
-7.52321,0.291483,3.82154,0.0921529,-21.2786,0.204341,-1.22985,0.433051,0.597803,0.417415
-7.76064,0.337146,3.70438,0.0714696,-24.0104,0.0687012,-1.21215,0.307345,0.178084,0.356012
-7.68047,0.39008,3.49723,0.0961289,-28.1719,0.108967,-1.24426,0.334995,0.202402,0.262467
-7.68774,0.345603,3.38457,0.124483,-27.9666,0.212843,-1.21838,0.336077,0.166487,0.230911
-7.63552,0.31817,3.22455,0.118145,-28.4075,0.196392,-1.35983,0.256829,0.251556,0.222174
-7.67314,0.369812,3.13885,0.0835004,-31.2654,0.0483663,-1.15162,0.204258,0.0799643,0.279118
-7.58816,0.39553,3.01095,0.117708,-34.2008,0.262658,-1.09103,0.258247,0.14784,0.130486
-7.53604,0.399412,3.05838,0.188066,-32.4684,0.222161,-1.22797,0.31753,0.269572,0.151404
-7.51032,0.408765,2.9909,0.284813,-32.1986,0.0544926,-1.29698,0.384317,0.260155,0.172417
-7.43196,0.316506,3.03103,0.311947,-30.5955,0.0927607,-1.27444,0.256744,0.39155,0.151802
-7.38428,0.359039,2.89416,0.138254,-28.5161,0.220647,-1.27322,0.188183,0.456541,0.0535793
-7.31081,0.387688,2.99016,0.141404,-27.5825,0.157583,-1.17291,0.25826,0.546211,0.124004
-7.45294,0.381962,3.0026,0.146388,-27.8036,0.130966,-1.1516,0.162689,0.374085,0.177068
-7.471,0.411329,3.11488,0.215121,-26.677,0.291608,-1.2187,0.175284,0.393104,0.202329
-7.55494,0.239226,3.2104,0.217348,-22.0615,0.169323,-1.01528,0.0849507,0.337077,0.38907
-7.41528,0.283176,3.23768,0.189538,-21.0943,0.0707978,-1.19662,0.15716,0.620909,0.416598
-7.37289,0.392886,3.03641,0.095885,-24.5447,0.193491,-1.168,0.210612,0.537117,0.256654
-7.36946,0.316799,2.98125,0.262816,-22.6049,0.0813452,-1.20339,0.112532,0.495333,0.238427
-7.16184,0.276699,3.14103,0.185623,-22.1077,0.161094,-1.31779,0.101974,0.859543,0.420041
-7.24543,0.365284,3.25003,0.145139,-18.9951,0.102892,-1.29765,0.144313,0.808737,0.240002
-7.25261,0.359789,3.19071,0.0944942,-19.565,0.16197,-1.26086,0.109964,0.770652,0.194359
-7.37886,0.350586,3.18861,0.17575,-20.2247,0.120632,-1.21734,0.126784,0.624791,0.262085
-7.37508,0.339169,3.24943,0.129041,-21.2524,0.168554,-1.14823,0.111404,0.613679,0.327024
-7.49727,0.155145,3.46148,0.210142,-21.4185,0.150758,-1.03244,0.262622,0.485315,0.528645
-7.4589,0.268515,3.27511,0.284046,-21.0139,0.0917123,-1.11197,0.28962,0.493055,0.335873
-7.37418,0.383581,3.26528,0.276336,-20.8129,0.106934,-1.0247,0.234151,0.571136,0.193446
-7.32544,0.342477,3.2606,0.196411,-22.5961,0.106782,-1.36061,0.203087,0.668057,0.27678
-7.48903,0.355853,3.19126,0.218345,-26.6895,0.236493,-1.31593,0.151998,0.464649,0.196741
-7.46794,0.353326,3.19632,0.153233,-29.9044,0.204497,-1.59411,0.402817,0.449791,0.228691
-7.47932,0.36895,2.96993,0.208361,-36.5805,0.128777,-1.5107,0.721981,0.360757,0.051172
-7.48086,0.395833,3.02324,0.238345,-35.6307,0.103635,-1.51798,0.713059,0.372516,0.0714733
-7.47967,0.401253,3.08333,0.124594,-36.6029,0.121776,-1.43205,0.586534,0.381922,0.103799
-7.43312,0.380767,3.08483,0.2451,-34.4368,0.225068,-1.44862,0.508212,0.436597,0.0791982
-7.52991,0.3943,3.1367,0.0870076,-34.3494,0.0532408,-1.56734,0.483072,0.327928,0.197163
-7.40877,0.409591,3.35675,0.0751378,-33.0403,0.0421546,-1.4524,0.390169,0.526373,0.109523
-7.35719,0.393451,3.29927,0.280608,-27.7628,0.0873929,-1.58042,0.555277,0.598737,0.14236
-7.38596,0.449487,3.5652,0.10679,-29.1555,0.22757,-1.55622,0.466399,0.645564,0.0654622
-7.5253,0.356929,3.66347,0.146418,-30.3751,0.233959,-1.65868,0.509238,0.52511,0.154558
-7.45531,0.374326,3.55662,0.164813,-30.768,0.0781846,-1.75349,0.597218,0.568088,0.205899
-7.69018,0.353564,3.48981,0.0870274,-33.2412,0.102332,-1.67101,0.5822,0.270124,0.144092
-7.714,0.31872,3.47261,0.220575,-33.1067,0.115073,-1.67859,0.661825,0.261567,0.114649
-7.42217,0.358498,3.52156,0.0815949,-28.6826,0.104116,-1.82748,0.439064,0.657828,0.122444
-7.41237,0.418951,3.41989,0.208628,-31.1054,0.0958931,-1.77563,0.3491,0.620457,0.187091
-7.38242,0.355988,3.51714,0.113449,-29.9676,0.169564,-1.82909,0.443696,0.703706,0.227071
-7.50087,0.310487,3.45569,0.150215,-31.9827,0.138892,-2.044,0.26795,0.571016,0.267818
-7.42096,0.362582,3.65723,0.0720958,-29.8069,0.117648,-2.04386,0.262917,0.708779,0.157634
-7.4011,0.354616,3.70203,0.157519,-35.4831,0.11398,-2.10058,0.0770952,0.773507,0.189454
-7.2304,0.382159,3.56459,0.211424,-36.7812,0.116555,-2.0532,0.196725,0.88247,0.0875419
-7.26077,0.382553,3.37176,0.179557,-34.8295,0.136588,-2.1453,0.264996,0.793818,0.166412
-7.37029,0.218983,3.37671,0.0713953,-34.772,0.0738681,-2.14008,0.0621418,0.727821,0.394582
-7.28032,0.318489,3.22525,0.166564,-35.3688,0.107809,-2.11685,0.143433,0.756962,0.333528
-7.19775,0.357648,3.22406,0.27747,-35.3234,0.196518,-1.96419,0.115817,0.827756,0.208328
-7.44912,0.327418,3.22219,0.141842,-37.8213,0.317617,-1.89224,0.0903054,0.55632,0.194154
-7.43529,0.305255,3.25576,0.156981,-36.1625,0.273572,-1.80881,0.0820626,0.563484,0.317985
-7.41246,0.351868,3.23974,0.0994647,-37.1052,0.112644,-1.76482,0.180487,0.539686,0.348022
-7.35605,0.357669,3.24502,0.0991991,-36.8305,0.157143,-1.85515,0.159868,0.647101,0.286197
-7.4,0.318842,3.24363,0.163391,-39.4126,0.0844397,-1.97698,0.0898934,0.622682,0.268055
-7.46376,0.233594,3.29622,0.16114,-39.6614,0.122178,-1.94425,0.106328,0.549224,0.383613
-7.45566,0.293395,3.43309,0.0685028,-37.3278,0.178556,-1.98869,0.0549188,0.601989,0.298799
-7.38927,0.410625,3.35174,0.109279,-38.3092,0.175578,-2.04989,0.155661,0.664363,0.166724
-7.31564,0.410122,3.38661,0.0829308,-37.4609,0.194715,-1.85738,0.10023,0.702712,0.126059
-7.40139,0.364757,3.28737,0.0764213,-37.8421,0.0778638,-1.72072,0.0952964,0.59823,0.107566
-7.24848,0.407013,3.24122,0.10366,-41.3522,0.0887312,-1.77862,0.0654482,0.75861,0.204986
-7.45405,0.293951,3.24599,0.318689,-42.6919,0.138832,-1.84949,0.088365,0.460024,0.358072
-7.38138,0.194245,3.19677,0.258657,-35.211,0.22362,-1.75118,0.10941,0.633078,0.444751
-7.3812,0.362568,3.26766,0.309606,-38.5828,0.179227,-1.5862,0.191874,0.51004,0.315801
-7.43736,0.302188,3.37205,0.179755,-39.3073,0.152228,-1.50384,0.125758,0.487587,0.449228
-7.47078,0.294541,3.27292,0.12197,-37.8622,0.320736,-1.55275,0.246049,0.432226,0.4306
-7.35515,0.307476,3.17572,0.181123,-36.1169,0.297728,-1.665,0.128842,0.572849,0.398066
-7.42731,0.0927948,3.32651,0.207653,-40.017,0.369944,-1.87402,0.221891,0.519194,0.547856
-7.39094,0.252873,3.11478,0.120565,-38.4377,0.146076,-1.71643,0.0837349,0.562673,0.426837
-7.3571,0.308704,3.02707,0.175667,-36.2105,0.0764134,-1.83099,0.0607218,0.577506,0.337831
-7.31203,0.252544,3.17295,0.139072,-36.3263,0.129656,-1.79366,0.0608654,0.67498,0.43279
-7.31344,0.318803,3.13912,0.128169,-35.2349,0.0936532,-1.64678,0.0622438,0.639715,0.387513
-7.35881,0.310702,3.17398,0.192247,-36.2098,0.156465,-1.58106,0.175131,0.595947,0.281844
-7.36752,0.384271,2.99328,0.13506,-34.541,0.238682,-1.58218,0.232293,0.472459,0.210765
-7.33364,0.354141,2.94988,0.129798,-30.0539,0.271041,-1.58456,0.232198,0.589773,0.221285
-7.44308,0.387201,2.97756,0.088003,-34.3187,0.161586,-1.55563,0.307435,0.348263,0.0887486
-7.65028,0.41172,3.15932,0.164216,-35.2668,0.246807,-1.52261,0.387428,0.224657,0.102242
-7.7164,0.379978,3.13942,0.114433,-38.4668,0.242926,-1.47545,0.278276,0.0427029,0.0740313
-7.71187,0.392442,3.12213,0.120745,-38.3615,0.202038,-1.49622,0.301545,0.0323814,0.130353
-7.72627,0.379615,3.14302,0.148241,-37.8758,0.182106,-1.50548,0.315466,0.101463,0.15891
-7.35998,0.435439,3.20558,0.2357,-38.3311,0.156358,-1.69326,0.261783,0.621384,0.080824
-7.39484,0.400345,3.28671,0.189824,-40.0086,0.292647,-1.73905,0.301898,0.58035,0.11357
-7.72587,0.33222,3.34126,0.210197,-41.6071,0.390864,-1.58476,0.188343,0.102133,0.327634
-7.68405,0.33156,3.44941,0.0765624,-45.8947,0.299065,-1.86012,0.349827,0.198226,0.267158
-7.68445,0.418185,3.55349,0.0764596,-46.188,0.0816351,-1.92799,0.292989,0.253978,0.127013
-7.76836,0.31487,3.52078,0.0796634,-49.0197,0.0592568,-1.85187,0.19802,0.10849,0.251776
-7.6507,0.426154,3.37774,0.213034,-46.8512,0.0662954,-1.77218,0.232414,0.120464,0.103421
-7.64063,0.40056,3.40756,0.0833017,-46.8258,0.0864116,-1.65323,0.18281,0.130463,0.129572
-7.57189,0.410335,3.44088,0.0689855,-44.7403,0.0731697,-1.66431,0.359315,0.354988,0.0786624
-7.64508,0.408481,3.4902,0.137136,-43.6425,0.0903457,-1.65914,0.408695,0.274176,0.112777
-7.64386,0.39248,3.67785,0.0841996,-38.3908,0.191281,-1.74044,0.394271,0.2883,0.165116
-7.65725,0.365911,3.79518,0.0574471,-32.0913,0.180598,-1.63449,0.467984,0.371612,0.248662
-7.69485,0.27341,3.80713,0.0871894,-30.7664,0.072051,-1.74322,0.549557,0.369287,0.341915
-7.75167,0.283926,3.71877,0.0817448,-28.4471,0.120301,-1.62626,0.513757,0.303458,0.296014
-7.82438,0.300067,3.79104,0.0582725,-30.8176,0.20398,-1.57357,0.431969,0.145328,0.355254
-7.8824,0.3958,3.76676,0.0580208,-33.7774,0.122742,-1.42797,0.339349,-0.104197,0.288825
-7.77276,0.387188,3.60812,0.14503,-31.3208,0.11065,-1.47072,0.280085,0.174898,0.114135
-7.77468,0.352971,3.69206,0.129115,-26.7598,0.095819,-1.46445,0.270057,0.242518,0.0952528
-7.7477,0.372377,3.70893,0.173159,-28.2783,0.167277,-1.39803,0.31001,0.209346,0.131285
-7.75832,0.373769,3.77604,0.0507791,-25.8816,0.0848863,-1.25623,0.27103,0.198095,0.178156
-7.78786,0.399629,3.78632,0.0962738,-28.2595,0.223449,-1.29617,0.313415,0.139716,0.185901
-7.78786,0.399629,3.78632,0.0962738,-28.2595,0.223449,-1.29617,0.313415,0.139716,0.185901
-7.78786,0.399629,3.78632,0.0962738,-28.2595,0.223449,-1.29617,0.313415,0.139716,0.185901
-7.62021,0.368111,3.77891,0.0673296,-26.0397,0.230847,-1.40553,0.333504,0.463415,0.165979
-7.65399,0.365973,3.63248,0.134441,-23.0367,0.0848203,-1.23366,0.348611,0.37153,0.195385
-7.78949,0.402198,3.6975,0.173786,-23.889,0.119145,-1.1938,0.442187,0.125992,0.162035
-7.69409,0.357443,3.57178,0.10695,-24.1463,0.112456,-1.16409,0.275964,0.267235,0.239693
